species_key,scientific_name,common_name,toxicity,character,character_label,question,permitted_states,REVIEW_states,REVIEW_notes,REVIEWER,REVIEW_DATE
amanita-phalloides,Amanita phalloides,Death Cap,DEADLY,volva,Base of the stem,Dig up the very base of the stem. Is there a cup or bag around it?,Clear cup or sac;Swollen but no cup;Neither;I cut it off,Clear cup or sac,"UNREVIEWED: compiled from this repository's own seed notes, not from a mycologist. Requires field-character review.",unreviewed-seed-fill,2026-09-21
amanita-phalloides,Amanita phalloides,Death Cap,DEADLY,ring,Ring on the stem,Is there a ring or skirt of tissue on the stem?,Firm skirt-like ring;Cobwebby fibres;Faint zone only;No ring,Firm skirt-like ring,"UNREVIEWED: compiled from this repository's own seed notes, not from a mycologist. Requires field-character review.",unreviewed-seed-fill,2026-09-21
amanita-phalloides,Amanita phalloides,Death Cap,DEADLY,spore_print_colour,Spore print,What colour is the spore print?,White or cream;Pink;Rust or cinnamon brown;Chocolate or purple-brown;Black;Olive or yellow,White or cream,"UNREVIEWED: compiled from this repository's own seed notes, not from a mycologist. Requires field-character review.",unreviewed-seed-fill,2026-09-21
amanita-phalloides,Amanita phalloides,Death Cap,DEADLY,gill_attachment,How the gills meet the stem,How do the gills meet the stem?,"Running down the stem;Squarely attached;Notched just before the stem;Free, not touching the stem","Free, not touching the stem","UNREVIEWED: compiled from this repository's own seed notes, not from a mycologist. Requires field-character review.",unreviewed-seed-fill,2026-09-21
amanita-phalloides,Amanita phalloides,Death Cap,DEADLY,cap_colour,Cap colour,What colour is the cap?,White or cream;Yellow;Orange;Red;Brown;Olive or greenish;Grey;Purple,Olive or greenish;Yellow;White or cream;Brown;Grey,"UNREVIEWED: compiled from this repository's own seed notes, not from a mycologist. Requires field-character review.",unreviewed-seed-fill,2026-09-21
amanita-virosa,Amanita virosa,Destroying Angel,DEADLY,volva,Base of the stem,Dig up the very base of the stem. Is there a cup or bag around it?,Clear cup or sac;Swollen but no cup;Neither;I cut it off,Clear cup or sac,"UNREVIEWED: compiled from this repository's own seed notes, not from a mycologist. Requires field-character review.",unreviewed-seed-fill,2026-09-21
amanita-virosa,Amanita virosa,Destroying Angel,DEADLY,ring,Ring on the stem,Is there a ring or skirt of tissue on the stem?,Firm skirt-like ring;Cobwebby fibres;Faint zone only;No ring,Firm skirt-like ring;Faint zone only,"UNREVIEWED: compiled from this repository's own seed notes, not from a mycologist. Requires field-character review.",unreviewed-seed-fill,2026-09-21
amanita-virosa,Amanita virosa,Destroying Angel,DEADLY,spore_print_colour,Spore print,What colour is the spore print?,White or cream;Pink;Rust or cinnamon brown;Chocolate or purple-brown;Black;Olive or yellow,White or cream,"UNREVIEWED: compiled from this repository's own seed notes, not from a mycologist. Requires field-character review.",unreviewed-seed-fill,2026-09-21
amanita-virosa,Amanita virosa,Destroying Angel,DEADLY,gill_colour,Gill colour,What colour are the gills right now?,White;Pink;Brown;Chocolate or black;Yellow or green;Grey,White,"UNREVIEWED: compiled from this repository's own seed notes, not from a mycologist. Requires field-character review.",unreviewed-seed-fill,2026-09-21
amanita-virosa,Amanita virosa,Destroying Angel,DEADLY,bruising_reaction,Bruising,Does it change colour when cut or rubbed?,"Yellow, especially at the stem base;Red or pink;Blue;Brown;No change",,,,
clitocybe-dealbata,Clitocybe dealbata,Ivory Funnel,DEADLY,gill_attachment,How the gills meet the stem,How do the gills meet the stem?,"Running down the stem;Squarely attached;Notched just before the stem;Free, not touching the stem",Running down the stem,"UNREVIEWED: compiled from this repository's own seed notes, not from a mycologist. Requires field-character review.",unreviewed-seed-fill,2026-09-21
clitocybe-dealbata,Clitocybe dealbata,Ivory Funnel,DEADLY,gill_spacing,Gill spacing,Are the gills crowded together or well spaced?,Crowded;Well spaced,Crowded,"UNREVIEWED: compiled from this repository's own seed notes, not from a mycologist. Requires field-character review.",unreviewed-seed-fill,2026-09-21
clitocybe-dealbata,Clitocybe dealbata,Ivory Funnel,DEADLY,habitat,Surroundings,What trees are within about ten metres?,Oak;Beech;Birch;Pine or spruce;Mixed broadleaf;No trees nearby,No trees nearby;Mixed broadleaf,"UNREVIEWED: compiled from this repository's own seed notes, not from a mycologist. Requires field-character review.",unreviewed-seed-fill,2026-09-21
clitocybe-rivulosa,Clitocybe rivulosa,Fool's Funnel,DEADLY,gill_attachment,How the gills meet the stem,How do the gills meet the stem?,"Running down the stem;Squarely attached;Notched just before the stem;Free, not touching the stem",Running down the stem,"UNREVIEWED: compiled from this repository's own seed notes, not from a mycologist. Requires field-character review.",unreviewed-seed-fill,2026-09-21
clitocybe-rivulosa,Clitocybe rivulosa,Fool's Funnel,DEADLY,spore_print_colour,Spore print,What colour is the spore print?,White or cream;Pink;Rust or cinnamon brown;Chocolate or purple-brown;Black;Olive or yellow,White or cream,"UNREVIEWED: compiled from this repository's own seed notes, not from a mycologist. Requires field-character review.",unreviewed-seed-fill,2026-09-21
clitocybe-rivulosa,Clitocybe rivulosa,Fool's Funnel,DEADLY,habitat,Surroundings,What trees are within about ten metres?,Oak;Beech;Birch;Pine or spruce;Mixed broadleaf;No trees nearby,No trees nearby;Mixed broadleaf,"UNREVIEWED: compiled from this repository's own seed notes, not from a mycologist. Requires field-character review.",unreviewed-seed-fill,2026-09-21
clitocybe-rivulosa,Clitocybe rivulosa,Fool's Funnel,DEADLY,cap_surface,Cap surface,What is the cap surface like?,Smooth and dry;Slimy or greasy;Scaly;Fibrous;Velvety;Pitted or honeycombed;Brain-like or folded,Smooth and dry,"UNREVIEWED: compiled from this repository's own seed notes, not from a mycologist. Requires field-character review.",unreviewed-seed-fill,2026-09-21
cortinarius-rubellus,Cortinarius rubellus,Deadly Webcap,DEADLY,spore_print_colour,Spore print,What colour is the spore print?,White or cream;Pink;Rust or cinnamon brown;Chocolate or purple-brown;Black;Olive or yellow,Rust or cinnamon brown,"UNREVIEWED: compiled from this repository's own seed notes, not from a mycologist. Requires field-character review.",unreviewed-seed-fill,2026-09-21
cortinarius-rubellus,Cortinarius rubellus,Deadly Webcap,DEADLY,cortina,Cobwebby veil,Is there a cobwebby veil between the cap edge and the stem?,"Yes, cobwebby;No;Can't tell","Yes, cobwebby","UNREVIEWED: compiled from this repository's own seed notes, not from a mycologist. Requires field-character review.",unreviewed-seed-fill,2026-09-21
cortinarius-rubellus,Cortinarius rubellus,Deadly Webcap,DEADLY,gill_type,Underside of the cap,What is under the cap?,Blade-like gills;Blunt forking ridges;Pores or tubes;Spines or teeth;Smooth or wrinkled,Blade-like gills,"UNREVIEWED: compiled from this repository's own seed notes, not from a mycologist. Requires field-character review.",unreviewed-seed-fill,2026-09-21
cortinarius-rubellus,Cortinarius rubellus,Deadly Webcap,DEADLY,habitat,Surroundings,What trees are within about ten metres?,Oak;Beech;Birch;Pine or spruce;Mixed broadleaf;No trees nearby,Pine or spruce,"UNREVIEWED: compiled from this repository's own seed notes, not from a mycologist. Requires field-character review.",unreviewed-seed-fill,2026-09-21
galerina-marginata,Galerina marginata,Funeral Bell,DEADLY,spore_print_colour,Spore print,What colour is the spore print?,White or cream;Pink;Rust or cinnamon brown;Chocolate or purple-brown;Black;Olive or yellow,Rust or cinnamon brown,"UNREVIEWED: compiled from this repository's own seed notes, not from a mycologist. Requires field-character review.",unreviewed-seed-fill,2026-09-21
galerina-marginata,Galerina marginata,Funeral Bell,DEADLY,substrate,What it is growing on,What is it growing on or out of?,Soil or leaf litter;Dead wood or a stump;A living tree;Grass or lawn;Dung;Moss,Dead wood or a stump,"UNREVIEWED: compiled from this repository's own seed notes, not from a mycologist. Requires field-character review.",unreviewed-seed-fill,2026-09-21
galerina-marginata,Galerina marginata,Funeral Bell,DEADLY,ring,Ring on the stem,Is there a ring or skirt of tissue on the stem?,Firm skirt-like ring;Cobwebby fibres;Faint zone only;No ring,Firm skirt-like ring;Faint zone only;No ring,"UNREVIEWED: compiled from this repository's own seed notes, not from a mycologist. Requires field-character review.",unreviewed-seed-fill,2026-09-21
galerina-marginata,Galerina marginata,Funeral Bell,DEADLY,stipe_surface,Stem surface,What does the stem look like below the ring?,Snakeskin-patterned;Scaly or shaggy;Smooth;Netted or with a raised mesh;Fibrous,Fibrous;Smooth,"UNREVIEWED: compiled from this repository's own seed notes, not from a mycologist. Requires field-character review.",unreviewed-seed-fill,2026-09-21
gyromitra-esculenta,Gyromitra esculenta,False Morel,DEADLY,cap_surface,Cap surface,What is the cap surface like?,Smooth and dry;Slimy or greasy;Scaly;Fibrous;Velvety;Pitted or honeycombed;Brain-like or folded,Brain-like or folded,"UNREVIEWED: compiled from this repository's own seed notes, not from a mycologist. Requires field-character review.",unreviewed-seed-fill,2026-09-21
gyromitra-esculenta,Gyromitra esculenta,False Morel,DEADLY,interior_structure,Inside,Cut it in half from top to bottom. What does the inside look like?,Completely hollow;Chambered or cottony;Solid and pure white;Solid and dark;Shows a developing cap and gills,Chambered or cottony,"UNREVIEWED: compiled from this repository's own seed notes, not from a mycologist. Requires field-character review.",unreviewed-seed-fill,2026-09-21
gyromitra-esculenta,Gyromitra esculenta,False Morel,DEADLY,season,Time of year,When did you find it?,Spring;Summer;Autumn;Winter,Spring;Summer,"UNREVIEWED: compiled from this repository's own seed notes, not from a mycologist. Requires field-character review.",unreviewed-seed-fill,2026-09-21
inocybe-erubescens,Inocybe erubescens,Deadly Fibrecap,DEADLY,bruising_reaction,Bruising,Does it change colour when cut or rubbed?,"Yellow, especially at the stem base;Red or pink;Blue;Brown;No change",Red or pink,"UNREVIEWED: compiled from this repository's own seed notes, not from a mycologist. Requires field-character review.",unreviewed-seed-fill,2026-09-21
inocybe-erubescens,Inocybe erubescens,Deadly Fibrecap,DEADLY,cap_surface,Cap surface,What is the cap surface like?,Smooth and dry;Slimy or greasy;Scaly;Fibrous;Velvety;Pitted or honeycombed;Brain-like or folded,Fibrous,"UNREVIEWED: compiled from this repository's own seed notes, not from a mycologist. Requires field-character review.",unreviewed-seed-fill,2026-09-21
inocybe-erubescens,Inocybe erubescens,Deadly Fibrecap,DEADLY,spore_print_colour,Spore print,What colour is the spore print?,White or cream;Pink;Rust or cinnamon brown;Chocolate or purple-brown;Black;Olive or yellow,Rust or cinnamon brown;Chocolate or purple-brown,"UNREVIEWED: compiled from this repository's own seed notes, not from a mycologist. Requires field-character review.",unreviewed-seed-fill,2026-09-21
inocybe-erubescens,Inocybe erubescens,Deadly Fibrecap,DEADLY,smell,Smell,What does it smell like?,Pleasantly mushroomy;Aniseed or almond;Fresh bread dough;Radish;Ink or chemicals;Rotting or foul;Nothing much,,,,
entoloma-sinuatum,Entoloma sinuatum,Livid Pinkgill,SERIOUS,spore_print_colour,Spore print,What colour is the spore print?,White or cream;Pink;Rust or cinnamon brown;Chocolate or purple-brown;Black;Olive or yellow,,,,
entoloma-sinuatum,Entoloma sinuatum,Livid Pinkgill,SERIOUS,gill_attachment,How the gills meet the stem,How do the gills meet the stem?,"Running down the stem;Squarely attached;Notched just before the stem;Free, not touching the stem",,,,
entoloma-sinuatum,Entoloma sinuatum,Livid Pinkgill,SERIOUS,smell,Smell,What does it smell like?,Pleasantly mushroomy;Aniseed or almond;Fresh bread dough;Radish;Ink or chemicals;Rotting or foul;Nothing much,,,,
paxillus-involutus,Paxillus involutus,Brown Roll-rim,SERIOUS,cap_margin,Cap edge,What is the edge of the cap like?,Strongly inrolled;Shaggy or woolly;Straight;Upturned,Strongly inrolled,"UNREVIEWED: compiled from this repository's own seed notes, not from a mycologist. Requires field-character review.",unreviewed-seed-fill,2026-09-21
paxillus-involutus,Paxillus involutus,Brown Roll-rim,SERIOUS,bruising_reaction,Bruising,Does it change colour when cut or rubbed?,"Yellow, especially at the stem base;Red or pink;Blue;Brown;No change",Brown;Red or pink,"UNREVIEWED: compiled from this repository's own seed notes, not from a mycologist. Requires field-character review.",unreviewed-seed-fill,2026-09-21
paxillus-involutus,Paxillus involutus,Brown Roll-rim,SERIOUS,gill_attachment,How the gills meet the stem,How do the gills meet the stem?,"Running down the stem;Squarely attached;Notched just before the stem;Free, not touching the stem",Running down the stem,"UNREVIEWED: compiled from this repository's own seed notes, not from a mycologist. Requires field-character review.",unreviewed-seed-fill,2026-09-21
paxillus-involutus,Paxillus involutus,Brown Roll-rim,SERIOUS,spore_print_colour,Spore print,What colour is the spore print?,White or cream;Pink;Rust or cinnamon brown;Chocolate or purple-brown;Black;Olive or yellow,Rust or cinnamon brown;Chocolate or purple-brown,"UNREVIEWED: compiled from this repository's own seed notes, not from a mycologist. Requires field-character review.",unreviewed-seed-fill,2026-09-21
rubroboletus-satanas,Rubroboletus satanas,Devil's Bolete,SERIOUS,pore_colour,Pore colour,What colour are the pores underneath?,White or cream;Yellow;Olive;Red or orange;Pink,,,,
rubroboletus-satanas,Rubroboletus satanas,Devil's Bolete,SERIOUS,bruising_reaction,Bruising,Does it change colour when cut or rubbed?,"Yellow, especially at the stem base;Red or pink;Blue;Brown;No change",,,,
rubroboletus-satanas,Rubroboletus satanas,Devil's Bolete,SERIOUS,stipe_surface,Stem surface,What does the stem look like below the ring?,Snakeskin-patterned;Scaly or shaggy;Smooth;Netted or with a raised mesh;Fibrous,,,,
tricholoma-equestre,Tricholoma equestre,Yellow Knight,SERIOUS,volva,Base of the stem,Dig up the very base of the stem. Is there a cup or bag around it?,Clear cup or sac;Swollen but no cup;Neither;I cut it off,Neither,"UNREVIEWED: compiled from this repository's own seed notes, not from a mycologist. Requires field-character review.",unreviewed-seed-fill,2026-09-21
tricholoma-equestre,Tricholoma equestre,Yellow Knight,SERIOUS,ring,Ring on the stem,Is there a ring or skirt of tissue on the stem?,Firm skirt-like ring;Cobwebby fibres;Faint zone only;No ring,No ring,"UNREVIEWED: compiled from this repository's own seed notes, not from a mycologist. Requires field-character review.",unreviewed-seed-fill,2026-09-21
tricholoma-equestre,Tricholoma equestre,Yellow Knight,SERIOUS,gill_colour,Gill colour,What colour are the gills right now?,White;Pink;Brown;Chocolate or black;Yellow or green;Grey,Yellow or green,"UNREVIEWED: compiled from this repository's own seed notes, not from a mycologist. Requires field-character review.",unreviewed-seed-fill,2026-09-21
tricholoma-equestre,Tricholoma equestre,Yellow Knight,SERIOUS,habitat,Surroundings,What trees are within about ten metres?,Oak;Beech;Birch;Pine or spruce;Mixed broadleaf;No trees nearby,Pine or spruce,"UNREVIEWED: compiled from this repository's own seed notes, not from a mycologist. Requires field-character review.",unreviewed-seed-fill,2026-09-21
agaricus-xanthodermus,Agaricus xanthodermus,Yellow Stainer,TOXIC,bruising_reaction,Bruising,Does it change colour when cut or rubbed?,"Yellow, especially at the stem base;Red or pink;Blue;Brown;No change",,,,
agaricus-xanthodermus,Agaricus xanthodermus,Yellow Stainer,TOXIC,smell,Smell,What does it smell like?,Pleasantly mushroomy;Aniseed or almond;Fresh bread dough;Radish;Ink or chemicals;Rotting or foul;Nothing much,,,,
agaricus-xanthodermus,Agaricus xanthodermus,Yellow Stainer,TOXIC,stipe_base,Shape of the stem base,What shape is the very bottom of the stem?,Abruptly bulbous;Tapering;Even;Rooting deeply,,,,
amanita-muscaria,Amanita muscaria,Fly Agaric,TOXIC,cap_colour,Cap colour,What colour is the cap?,White or cream;Yellow;Orange;Red;Brown;Olive or greenish;Grey;Purple,Red;Orange;Yellow,"UNREVIEWED: compiled from this repository's own seed notes, not from a mycologist. Requires field-character review.",unreviewed-seed-fill,2026-09-21
amanita-muscaria,Amanita muscaria,Fly Agaric,TOXIC,volva,Base of the stem,Dig up the very base of the stem. Is there a cup or bag around it?,Clear cup or sac;Swollen but no cup;Neither;I cut it off,Swollen but no cup,"UNREVIEWED: compiled from this repository's own seed notes, not from a mycologist. Requires field-character review.",unreviewed-seed-fill,2026-09-21
amanita-muscaria,Amanita muscaria,Fly Agaric,TOXIC,ring,Ring on the stem,Is there a ring or skirt of tissue on the stem?,Firm skirt-like ring;Cobwebby fibres;Faint zone only;No ring,Firm skirt-like ring,"UNREVIEWED: compiled from this repository's own seed notes, not from a mycologist. Requires field-character review.",unreviewed-seed-fill,2026-09-21
amanita-muscaria,Amanita muscaria,Fly Agaric,TOXIC,cap_surface,Cap surface,What is the cap surface like?,Smooth and dry;Slimy or greasy;Scaly;Fibrous;Velvety;Pitted or honeycombed;Brain-like or folded,Scaly;Smooth and dry,"UNREVIEWED: compiled from this repository's own seed notes, not from a mycologist. Requires field-character review.",unreviewed-seed-fill,2026-09-21
amanita-rubescens,Amanita rubescens,The Blusher,TOXIC,bruising_reaction,Bruising,Does it change colour when cut or rubbed?,"Yellow, especially at the stem base;Red or pink;Blue;Brown;No change",Red or pink,"UNREVIEWED: compiled from this repository's own seed notes, not from a mycologist. Requires field-character review.",unreviewed-seed-fill,2026-09-21
amanita-rubescens,Amanita rubescens,The Blusher,TOXIC,volva,Base of the stem,Dig up the very base of the stem. Is there a cup or bag around it?,Clear cup or sac;Swollen but no cup;Neither;I cut it off,Swollen but no cup,"UNREVIEWED: compiled from this repository's own seed notes, not from a mycologist. Requires field-character review.",unreviewed-seed-fill,2026-09-21
amanita-rubescens,Amanita rubescens,The Blusher,TOXIC,ring,Ring on the stem,Is there a ring or skirt of tissue on the stem?,Firm skirt-like ring;Cobwebby fibres;Faint zone only;No ring,Firm skirt-like ring,"UNREVIEWED: compiled from this repository's own seed notes, not from a mycologist. Requires field-character review.",unreviewed-seed-fill,2026-09-21
amanita-rubescens,Amanita rubescens,The Blusher,TOXIC,cap_surface,Cap surface,What is the cap surface like?,Smooth and dry;Slimy or greasy;Scaly;Fibrous;Velvety;Pitted or honeycombed;Brain-like or folded,Scaly;Smooth and dry,"UNREVIEWED: compiled from this repository's own seed notes, not from a mycologist. Requires field-character review.",unreviewed-seed-fill,2026-09-21
armillaria-mellea,Armillaria mellea,Honey Fungus,TOXIC,spore_print_colour,Spore print,What colour is the spore print?,White or cream;Pink;Rust or cinnamon brown;Chocolate or purple-brown;Black;Olive or yellow,White or cream,"UNREVIEWED: compiled from this repository's own seed notes, not from a mycologist. Requires field-character review.",unreviewed-seed-fill,2026-09-21
armillaria-mellea,Armillaria mellea,Honey Fungus,TOXIC,ring,Ring on the stem,Is there a ring or skirt of tissue on the stem?,Firm skirt-like ring;Cobwebby fibres;Faint zone only;No ring,Firm skirt-like ring,"UNREVIEWED: compiled from this repository's own seed notes, not from a mycologist. Requires field-character review.",unreviewed-seed-fill,2026-09-21
armillaria-mellea,Armillaria mellea,Honey Fungus,TOXIC,cap_surface,Cap surface,What is the cap surface like?,Smooth and dry;Slimy or greasy;Scaly;Fibrous;Velvety;Pitted or honeycombed;Brain-like or folded,Scaly;Smooth and dry,"UNREVIEWED: compiled from this repository's own seed notes, not from a mycologist. Requires field-character review.",unreviewed-seed-fill,2026-09-21
armillaria-mellea,Armillaria mellea,Honey Fungus,TOXIC,substrate,What it is growing on,What is it growing on or out of?,Soil or leaf litter;Dead wood or a stump;A living tree;Grass or lawn;Dung;Moss,Dead wood or a stump;A living tree,"UNREVIEWED: compiled from this repository's own seed notes, not from a mycologist. Requires field-character review.",unreviewed-seed-fill,2026-09-21
chlorophyllum-brunneum,Chlorophyllum brunneum,Shaggy Parasol,TOXIC,bruising_reaction,Bruising,Does it change colour when cut or rubbed?,"Yellow, especially at the stem base;Red or pink;Blue;Brown;No change",,,,
chlorophyllum-brunneum,Chlorophyllum brunneum,Shaggy Parasol,TOXIC,stipe_surface,Stem surface,What does the stem look like below the ring?,Snakeskin-patterned;Scaly or shaggy;Smooth;Netted or with a raised mesh;Fibrous,,,,
chlorophyllum-brunneum,Chlorophyllum brunneum,Shaggy Parasol,TOXIC,stipe_base,Shape of the stem base,What shape is the very bottom of the stem?,Abruptly bulbous;Tapering;Even;Rooting deeply,,,,
coprinopsis-atramentaria,Coprinopsis atramentaria,Common Inkcap,TOXIC,cap_surface,Cap surface,What is the cap surface like?,Smooth and dry;Slimy or greasy;Scaly;Fibrous;Velvety;Pitted or honeycombed;Brain-like or folded,,,,
coprinopsis-atramentaria,Coprinopsis atramentaria,Common Inkcap,TOXIC,cap_shape,Cap shape,What shape is the cap?,Domed;Flat;Funnel-shaped;Cylindrical;Conical;Irregular,,,,
hygrophoropsis-aurantiaca,Hygrophoropsis aurantiaca,False Chanterelle,TOXIC,gill_type,Underside of the cap,What is under the cap?,Blade-like gills;Blunt forking ridges;Pores or tubes;Spines or teeth;Smooth or wrinkled,,,,
hygrophoropsis-aurantiaca,Hygrophoropsis aurantiaca,False Chanterelle,TOXIC,flesh_colour,Flesh colour,What colour is the flesh inside?,White;Orange;Red;Yellow;Brown,,,,
hygrophoropsis-aurantiaca,Hygrophoropsis aurantiaca,False Chanterelle,TOXIC,smell,Smell,What does it smell like?,Pleasantly mushroomy;Aniseed or almond;Fresh bread dough;Radish;Ink or chemicals;Rotting or foul;Nothing much,,,,
hypholoma-fasciculare,Hypholoma fasciculare,Sulphur Tuft,TOXIC,gill_colour,Gill colour,What colour are the gills right now?,White;Pink;Brown;Chocolate or black;Yellow or green;Grey,Yellow or green;Brown;Chocolate or black,"UNREVIEWED: compiled from this repository's own seed notes, not from a mycologist. Requires field-character review.",unreviewed-seed-fill,2026-09-21
hypholoma-fasciculare,Hypholoma fasciculare,Sulphur Tuft,TOXIC,taste,Taste,"Touch a tiny piece to your tongue. Is it mild, bitter or burning?",Mild;Bitter;Burning or peppery,Bitter,"UNREVIEWED: compiled from this repository's own seed notes, not from a mycologist. Requires field-character review.",unreviewed-seed-fill,2026-09-21
hypholoma-fasciculare,Hypholoma fasciculare,Sulphur Tuft,TOXIC,spore_print_colour,Spore print,What colour is the spore print?,White or cream;Pink;Rust or cinnamon brown;Chocolate or purple-brown;Black;Olive or yellow,Chocolate or purple-brown,"UNREVIEWED: compiled from this repository's own seed notes, not from a mycologist. Requires field-character review.",unreviewed-seed-fill,2026-09-21
hypholoma-fasciculare,Hypholoma fasciculare,Sulphur Tuft,TOXIC,substrate,What it is growing on,What is it growing on or out of?,Soil or leaf litter;Dead wood or a stump;A living tree;Grass or lawn;Dung;Moss,Dead wood or a stump,"UNREVIEWED: compiled from this repository's own seed notes, not from a mycologist. Requires field-character review.",unreviewed-seed-fill,2026-09-21
lactarius-torminosus,Lactarius torminosus,Woolly Milkcap,TOXIC,latex_colour,Milk,Does it leak milk when the gills are scratched? What colour?,White;Orange or carrot;Yellow;No milk,,,,
lactarius-torminosus,Lactarius torminosus,Woolly Milkcap,TOXIC,cap_margin,Cap edge,What is the edge of the cap like?,Strongly inrolled;Shaggy or woolly;Straight;Upturned,,,,
lactarius-torminosus,Lactarius torminosus,Woolly Milkcap,TOXIC,taste,Taste,"Touch a tiny piece to your tongue. Is it mild, bitter or burning?",Mild;Bitter;Burning or peppery,,,,
laetiporus-sulphureus,Laetiporus sulphureus,Chicken of the Woods,TOXIC,pore_colour,Pore colour,What colour are the pores underneath?,White or cream;Yellow;Olive;Red or orange;Pink,,,,
laetiporus-sulphureus,Laetiporus sulphureus,Chicken of the Woods,TOXIC,substrate,What it is growing on,What is it growing on or out of?,Soil or leaf litter;Dead wood or a stump;A living tree;Grass or lawn;Dung;Moss,,,,
laetiporus-sulphureus,Laetiporus sulphureus,Chicken of the Woods,TOXIC,growth_form,Growth habit,How is it growing?,Singly;Scattered;In a tight cluster;In a ring;As a bracket,,,,
lepista-nuda,Lepista nuda,Wood Blewit,TOXIC,spore_print_colour,Spore print,What colour is the spore print?,White or cream;Pink;Rust or cinnamon brown;Chocolate or purple-brown;Black;Olive or yellow,,,,
lepista-nuda,Lepista nuda,Wood Blewit,TOXIC,cortina,Cobwebby veil,Is there a cobwebby veil between the cap edge and the stem?,"Yes, cobwebby;No;Can't tell",,,,
lepista-nuda,Lepista nuda,Wood Blewit,TOXIC,smell,Smell,What does it smell like?,Pleasantly mushroomy;Aniseed or almond;Fresh bread dough;Radish;Ink or chemicals;Rotting or foul;Nothing much,,,,
omphalotus-olearius,Omphalotus olearius,Jack-o'-Lantern,TOXIC,gill_type,Underside of the cap,What is under the cap?,Blade-like gills;Blunt forking ridges;Pores or tubes;Spines or teeth;Smooth or wrinkled,,,,
omphalotus-olearius,Omphalotus olearius,Jack-o'-Lantern,TOXIC,substrate,What it is growing on,What is it growing on or out of?,Soil or leaf litter;Dead wood or a stump;A living tree;Grass or lawn;Dung;Moss,,,,
omphalotus-olearius,Omphalotus olearius,Jack-o'-Lantern,TOXIC,flesh_colour,Flesh colour,What colour is the flesh inside?,White;Orange;Red;Yellow;Brown,,,,
pholiota-squarrosa,Pholiota squarrosa,Shaggy Scalycap,TOXIC,cap_surface,Cap surface,What is the cap surface like?,Smooth and dry;Slimy or greasy;Scaly;Fibrous;Velvety;Pitted or honeycombed;Brain-like or folded,Scaly,"UNREVIEWED: compiled from this repository's own seed notes, not from a mycologist. Requires field-character review.",unreviewed-seed-fill,2026-09-21
pholiota-squarrosa,Pholiota squarrosa,Shaggy Scalycap,TOXIC,spore_print_colour,Spore print,What colour is the spore print?,White or cream;Pink;Rust or cinnamon brown;Chocolate or purple-brown;Black;Olive or yellow,Rust or cinnamon brown,"UNREVIEWED: compiled from this repository's own seed notes, not from a mycologist. Requires field-character review.",unreviewed-seed-fill,2026-09-21
pholiota-squarrosa,Pholiota squarrosa,Shaggy Scalycap,TOXIC,substrate,What it is growing on,What is it growing on or out of?,Soil or leaf litter;Dead wood or a stump;A living tree;Grass or lawn;Dung;Moss,A living tree;Dead wood or a stump,"UNREVIEWED: compiled from this repository's own seed notes, not from a mycologist. Requires field-character review.",unreviewed-seed-fill,2026-09-21
russula-emetica,Russula emetica,The Sickener,TOXIC,taste,Taste,"Touch a tiny piece to your tongue. Is it mild, bitter or burning?",Mild;Bitter;Burning or peppery,,,,
russula-emetica,Russula emetica,The Sickener,TOXIC,cap_colour,Cap colour,What colour is the cap?,White or cream;Yellow;Orange;Red;Brown;Olive or greenish;Grey;Purple,,,,
russula-emetica,Russula emetica,The Sickener,TOXIC,cap_cuticle,Cap skin,Does the skin peel off the cap easily?,"Peels easily, most of the way;Peels a little at the edge;Will not peel",,,,
scleroderma-citrinum,Scleroderma citrinum,Common Earthball,TOXIC,interior_structure,Inside,Cut it in half from top to bottom. What does the inside look like?,Completely hollow;Chambered or cottony;Solid and pure white;Solid and dark;Shows a developing cap and gills,,,,
scleroderma-citrinum,Scleroderma citrinum,Common Earthball,TOXIC,skin_thickness,Skin thickness,How thick is the outer skin?,"Thin, like paper;Thick and rubbery",,,,
scleroderma-citrinum,Scleroderma citrinum,Common Earthball,TOXIC,smell,Smell,What does it smell like?,Pleasantly mushroomy;Aniseed or almond;Fresh bread dough;Radish;Ink or chemicals;Rotting or foul;Nothing much,,,,
verpa-bohemica,Verpa bohemica,Early Morel,TOXIC,cap_attachment,How the cap joins the stem,"Is the cap fused to the stem along its length, or only at the top?","Fused along its length;Attached only at the top;Free, like a skirt",Attached only at the top,"UNREVIEWED: compiled from this repository's own seed notes, not from a mycologist. Requires field-character review.",unreviewed-seed-fill,2026-09-21
verpa-bohemica,Verpa bohemica,Early Morel,TOXIC,interior_structure,Inside,Cut it in half from top to bottom. What does the inside look like?,Completely hollow;Chambered or cottony;Solid and pure white;Solid and dark;Shows a developing cap and gills,Chambered or cottony,"UNREVIEWED: compiled from this repository's own seed notes, not from a mycologist. Requires field-character review.",unreviewed-seed-fill,2026-09-21
verpa-bohemica,Verpa bohemica,Early Morel,TOXIC,season,Time of year,When did you find it?,Spring;Summer;Autumn;Winter,Spring,"UNREVIEWED: compiled from this repository's own seed notes, not from a mycologist. Requires field-character review.",unreviewed-seed-fill,2026-09-21
volvopluteus-gloiocephalus,Volvopluteus gloiocephalus,Stubble Rosegill,TOXIC,volva,Base of the stem,Dig up the very base of the stem. Is there a cup or bag around it?,Clear cup or sac;Swollen but no cup;Neither;I cut it off,Clear cup or sac,"UNREVIEWED: compiled from this repository's own seed notes, not from a mycologist. Requires field-character review.",unreviewed-seed-fill,2026-09-21
volvopluteus-gloiocephalus,Volvopluteus gloiocephalus,Stubble Rosegill,TOXIC,ring,Ring on the stem,Is there a ring or skirt of tissue on the stem?,Firm skirt-like ring;Cobwebby fibres;Faint zone only;No ring,No ring,"UNREVIEWED: compiled from this repository's own seed notes, not from a mycologist. Requires field-character review.",unreviewed-seed-fill,2026-09-21
volvopluteus-gloiocephalus,Volvopluteus gloiocephalus,Stubble Rosegill,TOXIC,spore_print_colour,Spore print,What colour is the spore print?,White or cream;Pink;Rust or cinnamon brown;Chocolate or purple-brown;Black;Olive or yellow,Pink,"UNREVIEWED: compiled from this repository's own seed notes, not from a mycologist. Requires field-character review.",unreviewed-seed-fill,2026-09-21
volvopluteus-gloiocephalus,Volvopluteus gloiocephalus,Stubble Rosegill,TOXIC,gill_colour,Gill colour,What colour are the gills right now?,White;Pink;Brown;Chocolate or black;Yellow or green;Grey,White;Pink,"UNREVIEWED: compiled from this repository's own seed notes, not from a mycologist. Requires field-character review.",unreviewed-seed-fill,2026-09-21
agaricus-arvensis,Agaricus arvensis,Horse Mushroom,INEDIBLE,smell,Smell,What does it smell like?,Pleasantly mushroomy;Aniseed or almond;Fresh bread dough;Radish;Ink or chemicals;Rotting or foul;Nothing much,Aniseed or almond,"UNREVIEWED: compiled from this repository's own seed notes, not from a mycologist. Requires field-character review.",unreviewed-seed-fill,2026-09-21
agaricus-arvensis,Agaricus arvensis,Horse Mushroom,INEDIBLE,bruising_reaction,Bruising,Does it change colour when cut or rubbed?,"Yellow, especially at the stem base;Red or pink;Blue;Brown;No change",,,,
agaricus-arvensis,Agaricus arvensis,Horse Mushroom,INEDIBLE,ring,Ring on the stem,Is there a ring or skirt of tissue on the stem?,Firm skirt-like ring;Cobwebby fibres;Faint zone only;No ring,Firm skirt-like ring,"UNREVIEWED: compiled from this repository's own seed notes, not from a mycologist. Requires field-character review.",unreviewed-seed-fill,2026-09-21
agaricus-arvensis,Agaricus arvensis,Horse Mushroom,INEDIBLE,volva,Base of the stem,Dig up the very base of the stem. Is there a cup or bag around it?,Clear cup or sac;Swollen but no cup;Neither;I cut it off,Neither,"UNREVIEWED: compiled from this repository's own seed notes, not from a mycologist. Requires field-character review.",unreviewed-seed-fill,2026-09-21
agaricus-campestris,Agaricus campestris,Field Mushroom,INEDIBLE,gill_colour,Gill colour,What colour are the gills right now?,White;Pink;Brown;Chocolate or black;Yellow or green;Grey,Pink;Brown;Chocolate or black,"UNREVIEWED: compiled from this repository's own seed notes, not from a mycologist. Requires field-character review.",unreviewed-seed-fill,2026-09-21
agaricus-campestris,Agaricus campestris,Field Mushroom,INEDIBLE,spore_print_colour,Spore print,What colour is the spore print?,White or cream;Pink;Rust or cinnamon brown;Chocolate or purple-brown;Black;Olive or yellow,Chocolate or purple-brown,"UNREVIEWED: compiled from this repository's own seed notes, not from a mycologist. Requires field-character review.",unreviewed-seed-fill,2026-09-21
agaricus-campestris,Agaricus campestris,Field Mushroom,INEDIBLE,volva,Base of the stem,Dig up the very base of the stem. Is there a cup or bag around it?,Clear cup or sac;Swollen but no cup;Neither;I cut it off,Neither,"UNREVIEWED: compiled from this repository's own seed notes, not from a mycologist. Requires field-character review.",unreviewed-seed-fill,2026-09-21
agaricus-campestris,Agaricus campestris,Field Mushroom,INEDIBLE,bruising_reaction,Bruising,Does it change colour when cut or rubbed?,"Yellow, especially at the stem base;Red or pink;Blue;Brown;No change",No change;Red or pink,"UNREVIEWED: compiled from this repository's own seed notes, not from a mycologist. Requires field-character review.",unreviewed-seed-fill,2026-09-21
auricularia-auricula-judae,Auricularia auricula-judae,Jelly Ear,INEDIBLE,texture,Texture,What does it feel like?,Gelatinous and rubbery;Firm and fleshy;Woody;Soft and fragile,,,,
auricularia-auricula-judae,Auricularia auricula-judae,Jelly Ear,INEDIBLE,substrate,What it is growing on,What is it growing on or out of?,Soil or leaf litter;Dead wood or a stump;A living tree;Grass or lawn;Dung;Moss,,,,
auricularia-auricula-judae,Auricularia auricula-judae,Jelly Ear,INEDIBLE,growth_form,Growth habit,How is it growing?,Singly;Scattered;In a tight cluster;In a ring;As a bracket,,,,
boletus-edulis,Boletus edulis,Penny Bun,INEDIBLE,pore_colour,Pore colour,What colour are the pores underneath?,White or cream;Yellow;Olive;Red or orange;Pink,,,,
boletus-edulis,Boletus edulis,Penny Bun,INEDIBLE,bruising_reaction,Bruising,Does it change colour when cut or rubbed?,"Yellow, especially at the stem base;Red or pink;Blue;Brown;No change",,,,
boletus-edulis,Boletus edulis,Penny Bun,INEDIBLE,stipe_surface,Stem surface,What does the stem look like below the ring?,Snakeskin-patterned;Scaly or shaggy;Smooth;Netted or with a raised mesh;Fibrous,,,,
boletus-edulis,Boletus edulis,Penny Bun,INEDIBLE,taste,Taste,"Touch a tiny piece to your tongue. Is it mild, bitter or burning?",Mild;Bitter;Burning or peppery,,,,
calocybe-gambosa,Calocybe gambosa,St George's Mushroom,INEDIBLE,smell,Smell,What does it smell like?,Pleasantly mushroomy;Aniseed or almond;Fresh bread dough;Radish;Ink or chemicals;Rotting or foul;Nothing much,Fresh bread dough,"UNREVIEWED: compiled from this repository's own seed notes, not from a mycologist. Requires field-character review.",unreviewed-seed-fill,2026-09-21
calocybe-gambosa,Calocybe gambosa,St George's Mushroom,INEDIBLE,spore_print_colour,Spore print,What colour is the spore print?,White or cream;Pink;Rust or cinnamon brown;Chocolate or purple-brown;Black;Olive or yellow,White or cream,"UNREVIEWED: compiled from this repository's own seed notes, not from a mycologist. Requires field-character review.",unreviewed-seed-fill,2026-09-21
calocybe-gambosa,Calocybe gambosa,St George's Mushroom,INEDIBLE,season,Time of year,When did you find it?,Spring;Summer;Autumn;Winter,Spring,"UNREVIEWED: compiled from this repository's own seed notes, not from a mycologist. Requires field-character review.",unreviewed-seed-fill,2026-09-21
calocybe-gambosa,Calocybe gambosa,St George's Mushroom,INEDIBLE,gill_attachment,How the gills meet the stem,How do the gills meet the stem?,"Running down the stem;Squarely attached;Notched just before the stem;Free, not touching the stem",Notched just before the stem,"UNREVIEWED: compiled from this repository's own seed notes, not from a mycologist. Requires field-character review.",unreviewed-seed-fill,2026-09-21
calvatia-gigantea,Calvatia gigantea,Giant Puffball,INEDIBLE,interior_structure,Inside,Cut it in half from top to bottom. What does the inside look like?,Completely hollow;Chambered or cottony;Solid and pure white;Solid and dark;Shows a developing cap and gills,,,,
calvatia-gigantea,Calvatia gigantea,Giant Puffball,INEDIBLE,skin_thickness,Skin thickness,How thick is the outer skin?,"Thin, like paper;Thick and rubbery",,,,
cantharellus-cibarius,Cantharellus cibarius,Chanterelle,INEDIBLE,gill_type,Underside of the cap,What is under the cap?,Blade-like gills;Blunt forking ridges;Pores or tubes;Spines or teeth;Smooth or wrinkled,Blunt forking ridges,"UNREVIEWED: compiled from this repository's own seed notes, not from a mycologist. Requires field-character review.",unreviewed-seed-fill,2026-09-21
cantharellus-cibarius,Cantharellus cibarius,Chanterelle,INEDIBLE,smell,Smell,What does it smell like?,Pleasantly mushroomy;Aniseed or almond;Fresh bread dough;Radish;Ink or chemicals;Rotting or foul;Nothing much,,,,
cantharellus-cibarius,Cantharellus cibarius,Chanterelle,INEDIBLE,flesh_colour,Flesh colour,What colour is the flesh inside?,White;Orange;Red;Yellow;Brown,White,"UNREVIEWED: compiled from this repository's own seed notes, not from a mycologist. Requires field-character review.",unreviewed-seed-fill,2026-09-21
clitopilus-prunulus,Clitopilus prunulus,The Miller,INEDIBLE,gill_attachment,How the gills meet the stem,How do the gills meet the stem?,"Running down the stem;Squarely attached;Notched just before the stem;Free, not touching the stem",Running down the stem,"UNREVIEWED: compiled from this repository's own seed notes, not from a mycologist. Requires field-character review.",unreviewed-seed-fill,2026-09-21
clitopilus-prunulus,Clitopilus prunulus,The Miller,INEDIBLE,spore_print_colour,Spore print,What colour is the spore print?,White or cream;Pink;Rust or cinnamon brown;Chocolate or purple-brown;Black;Olive or yellow,Pink,"UNREVIEWED: compiled from this repository's own seed notes, not from a mycologist. Requires field-character review.",unreviewed-seed-fill,2026-09-21
clitopilus-prunulus,Clitopilus prunulus,The Miller,INEDIBLE,smell,Smell,What does it smell like?,Pleasantly mushroomy;Aniseed or almond;Fresh bread dough;Radish;Ink or chemicals;Rotting or foul;Nothing much,Fresh bread dough,"UNREVIEWED: compiled from this repository's own seed notes, not from a mycologist. Requires field-character review.",unreviewed-seed-fill,2026-09-21
clitopilus-prunulus,Clitopilus prunulus,The Miller,INEDIBLE,cap_surface,Cap surface,What is the cap surface like?,Smooth and dry;Slimy or greasy;Scaly;Fibrous;Velvety;Pitted or honeycombed;Brain-like or folded,Velvety;Smooth and dry,"UNREVIEWED: compiled from this repository's own seed notes, not from a mycologist. Requires field-character review.",unreviewed-seed-fill,2026-09-21
coprinus-comatus,Coprinus comatus,Shaggy Inkcap,INEDIBLE,cap_surface,Cap surface,What is the cap surface like?,Smooth and dry;Slimy or greasy;Scaly;Fibrous;Velvety;Pitted or honeycombed;Brain-like or folded,,,,
coprinus-comatus,Coprinus comatus,Shaggy Inkcap,INEDIBLE,cap_shape,Cap shape,What shape is the cap?,Domed;Flat;Funnel-shaped;Cylindrical;Conical;Irregular,,,,
coprinus-comatus,Coprinus comatus,Shaggy Inkcap,INEDIBLE,deliquescence,Dissolving,Is the cap dissolving into black liquid at the edge?,Yes;No,,,,
cortinarius-violaceus,Cortinarius violaceus,Violet Webcap,INEDIBLE,cortina,Cobwebby veil,Is there a cobwebby veil between the cap edge and the stem?,"Yes, cobwebby;No;Can't tell","Yes, cobwebby","UNREVIEWED: compiled from this repository's own seed notes, not from a mycologist. Requires field-character review.",unreviewed-seed-fill,2026-09-21
cortinarius-violaceus,Cortinarius violaceus,Violet Webcap,INEDIBLE,spore_print_colour,Spore print,What colour is the spore print?,White or cream;Pink;Rust or cinnamon brown;Chocolate or purple-brown;Black;Olive or yellow,Rust or cinnamon brown,"UNREVIEWED: compiled from this repository's own seed notes, not from a mycologist. Requires field-character review.",unreviewed-seed-fill,2026-09-21
cortinarius-violaceus,Cortinarius violaceus,Violet Webcap,INEDIBLE,cap_surface,Cap surface,What is the cap surface like?,Smooth and dry;Slimy or greasy;Scaly;Fibrous;Velvety;Pitted or honeycombed;Brain-like or folded,Scaly;Fibrous,"UNREVIEWED: compiled from this repository's own seed notes, not from a mycologist. Requires field-character review.",unreviewed-seed-fill,2026-09-21
craterellus-cornucopioides,Craterellus cornucopioides,Horn of Plenty,INEDIBLE,growth_form,Growth habit,How is it growing?,Singly;Scattered;In a tight cluster;In a ring;As a bracket,,,,
craterellus-cornucopioides,Craterellus cornucopioides,Horn of Plenty,INEDIBLE,hymenium_type,Spore surface,What carries the spores underneath?,Gills;Pores;Spines;Smooth surface;Ridges,,,,
craterellus-cornucopioides,Craterellus cornucopioides,Horn of Plenty,INEDIBLE,flesh_colour,Flesh colour,What colour is the flesh inside?,White;Orange;Red;Yellow;Brown,,,,
crepidotus-mollis,Crepidotus mollis,Peeling Oysterling,INEDIBLE,spore_print_colour,Spore print,What colour is the spore print?,White or cream;Pink;Rust or cinnamon brown;Chocolate or purple-brown;Black;Olive or yellow,,,,
crepidotus-mollis,Crepidotus mollis,Peeling Oysterling,INEDIBLE,size,Size,How wide is the cap?,Under 2 cm;2-5 cm;5-10 cm;10-20 cm;Over 20 cm,,,,
crepidotus-mollis,Crepidotus mollis,Peeling Oysterling,INEDIBLE,texture,Texture,What does it feel like?,Gelatinous and rubbery;Firm and fleshy;Woody;Soft and fragile,,,,
fistulina-hepatica,Fistulina hepatica,Beefsteak Fungus,INEDIBLE,flesh_colour,Flesh colour,What colour is the flesh inside?,White;Orange;Red;Yellow;Brown,,,,
fistulina-hepatica,Fistulina hepatica,Beefsteak Fungus,INEDIBLE,substrate,What it is growing on,What is it growing on or out of?,Soil or leaf litter;Dead wood or a stump;A living tree;Grass or lawn;Dung;Moss,,,,
fistulina-hepatica,Fistulina hepatica,Beefsteak Fungus,INEDIBLE,growth_form,Growth habit,How is it growing?,Singly;Scattered;In a tight cluster;In a ring;As a bracket,,,,
hydnum-repandum,Hydnum repandum,Hedgehog Fungus,INEDIBLE,hymenium_type,Spore surface,What carries the spores underneath?,Gills;Pores;Spines;Smooth surface;Ridges,,,,
kuehneromyces-mutabilis,Kuehneromyces mutabilis,Sheathed Woodtuft,INEDIBLE,stipe_surface,Stem surface,What does the stem look like below the ring?,Snakeskin-patterned;Scaly or shaggy;Smooth;Netted or with a raised mesh;Fibrous,Scaly or shaggy,"UNREVIEWED: compiled from this repository's own seed notes, not from a mycologist. Requires field-character review.",unreviewed-seed-fill,2026-09-21
kuehneromyces-mutabilis,Kuehneromyces mutabilis,Sheathed Woodtuft,INEDIBLE,spore_print_colour,Spore print,What colour is the spore print?,White or cream;Pink;Rust or cinnamon brown;Chocolate or purple-brown;Black;Olive or yellow,Rust or cinnamon brown,"UNREVIEWED: compiled from this repository's own seed notes, not from a mycologist. Requires field-character review.",unreviewed-seed-fill,2026-09-21
kuehneromyces-mutabilis,Kuehneromyces mutabilis,Sheathed Woodtuft,INEDIBLE,cap_surface,Cap surface,What is the cap surface like?,Smooth and dry;Slimy or greasy;Scaly;Fibrous;Velvety;Pitted or honeycombed;Brain-like or folded,Smooth and dry;Slimy or greasy,"UNREVIEWED: compiled from this repository's own seed notes, not from a mycologist. Requires field-character review.",unreviewed-seed-fill,2026-09-21
kuehneromyces-mutabilis,Kuehneromyces mutabilis,Sheathed Woodtuft,INEDIBLE,substrate,What it is growing on,What is it growing on or out of?,Soil or leaf litter;Dead wood or a stump;A living tree;Grass or lawn;Dung;Moss,Dead wood or a stump,"UNREVIEWED: compiled from this repository's own seed notes, not from a mycologist. Requires field-character review.",unreviewed-seed-fill,2026-09-21
lactarius-deliciosus,Lactarius deliciosus,Saffron Milkcap,INEDIBLE,latex_colour,Milk,Does it leak milk when the gills are scratched? What colour?,White;Orange or carrot;Yellow;No milk,Orange or carrot,"UNREVIEWED: compiled from this repository's own seed notes, not from a mycologist. Requires field-character review.",unreviewed-seed-fill,2026-09-21
lactarius-deliciosus,Lactarius deliciosus,Saffron Milkcap,INEDIBLE,bruising_reaction,Bruising,Does it change colour when cut or rubbed?,"Yellow, especially at the stem base;Red or pink;Blue;Brown;No change",,,,
lactarius-deliciosus,Lactarius deliciosus,Saffron Milkcap,INEDIBLE,cap_surface,Cap surface,What is the cap surface like?,Smooth and dry;Slimy or greasy;Scaly;Fibrous;Velvety;Pitted or honeycombed;Brain-like or folded,Smooth and dry;Slimy or greasy,"UNREVIEWED: compiled from this repository's own seed notes, not from a mycologist. Requires field-character review.",unreviewed-seed-fill,2026-09-21
leccinum-scabrum,Leccinum scabrum,Brown Birch Bolete,INEDIBLE,stipe_surface,Stem surface,What does the stem look like below the ring?,Snakeskin-patterned;Scaly or shaggy;Smooth;Netted or with a raised mesh;Fibrous,,,,
leccinum-scabrum,Leccinum scabrum,Brown Birch Bolete,INEDIBLE,pore_colour,Pore colour,What colour are the pores underneath?,White or cream;Yellow;Olive;Red or orange;Pink,,,,
leccinum-scabrum,Leccinum scabrum,Brown Birch Bolete,INEDIBLE,habitat,Surroundings,What trees are within about ten metres?,Oak;Beech;Birch;Pine or spruce;Mixed broadleaf;No trees nearby,,,,
lycoperdon-perlatum,Lycoperdon perlatum,Common Puffball,INEDIBLE,interior_structure,Inside,Cut it in half from top to bottom. What does the inside look like?,Completely hollow;Chambered or cottony;Solid and pure white;Solid and dark;Shows a developing cap and gills,Solid and pure white,"UNREVIEWED: compiled from this repository's own seed notes, not from a mycologist. Requires field-character review.",unreviewed-seed-fill,2026-09-21
lycoperdon-perlatum,Lycoperdon perlatum,Common Puffball,INEDIBLE,skin_thickness,Skin thickness,How thick is the outer skin?,"Thin, like paper;Thick and rubbery","Thin, like paper","UNREVIEWED: compiled from this repository's own seed notes, not from a mycologist. Requires field-character review.",unreviewed-seed-fill,2026-09-21
macrolepiota-procera,Macrolepiota procera,Parasol Mushroom,INEDIBLE,stipe_surface,Stem surface,What does the stem look like below the ring?,Snakeskin-patterned;Scaly or shaggy;Smooth;Netted or with a raised mesh;Fibrous,Snakeskin-patterned,"UNREVIEWED: compiled from this repository's own seed notes, not from a mycologist. Requires field-character review.",unreviewed-seed-fill,2026-09-21
macrolepiota-procera,Macrolepiota procera,Parasol Mushroom,INEDIBLE,ring,Ring on the stem,Is there a ring or skirt of tissue on the stem?,Firm skirt-like ring;Cobwebby fibres;Faint zone only;No ring,Firm skirt-like ring,"UNREVIEWED: compiled from this repository's own seed notes, not from a mycologist. Requires field-character review.",unreviewed-seed-fill,2026-09-21
macrolepiota-procera,Macrolepiota procera,Parasol Mushroom,INEDIBLE,bruising_reaction,Bruising,Does it change colour when cut or rubbed?,"Yellow, especially at the stem base;Red or pink;Blue;Brown;No change",No change,"UNREVIEWED: compiled from this repository's own seed notes, not from a mycologist. Requires field-character review.",unreviewed-seed-fill,2026-09-21
macrolepiota-procera,Macrolepiota procera,Parasol Mushroom,INEDIBLE,spore_print_colour,Spore print,What colour is the spore print?,White or cream;Pink;Rust or cinnamon brown;Chocolate or purple-brown;Black;Olive or yellow,White or cream,"UNREVIEWED: compiled from this repository's own seed notes, not from a mycologist. Requires field-character review.",unreviewed-seed-fill,2026-09-21
marasmius-oreades,Marasmius oreades,Fairy Ring Champignon,INEDIBLE,gill_attachment,How the gills meet the stem,How do the gills meet the stem?,"Running down the stem;Squarely attached;Notched just before the stem;Free, not touching the stem","Free, not touching the stem;Notched just before the stem","UNREVIEWED: compiled from this repository's own seed notes, not from a mycologist. Requires field-character review.",unreviewed-seed-fill,2026-09-21
marasmius-oreades,Marasmius oreades,Fairy Ring Champignon,INEDIBLE,gill_spacing,Gill spacing,Are the gills crowded together or well spaced?,Crowded;Well spaced,Well spaced,"UNREVIEWED: compiled from this repository's own seed notes, not from a mycologist. Requires field-character review.",unreviewed-seed-fill,2026-09-21
marasmius-oreades,Marasmius oreades,Fairy Ring Champignon,INEDIBLE,stipe_texture,Stem texture,Is the stem tough or brittle?,"Tough and pliable, springs back;Snaps cleanly like chalk;Soft","Tough and pliable, springs back","UNREVIEWED: compiled from this repository's own seed notes, not from a mycologist. Requires field-character review.",unreviewed-seed-fill,2026-09-21
marasmius-oreades,Marasmius oreades,Fairy Ring Champignon,INEDIBLE,spore_print_colour,Spore print,What colour is the spore print?,White or cream;Pink;Rust or cinnamon brown;Chocolate or purple-brown;Black;Olive or yellow,White or cream,"UNREVIEWED: compiled from this repository's own seed notes, not from a mycologist. Requires field-character review.",unreviewed-seed-fill,2026-09-21
morchella-esculenta,Morchella esculenta,Morel,INEDIBLE,cap_surface,Cap surface,What is the cap surface like?,Smooth and dry;Slimy or greasy;Scaly;Fibrous;Velvety;Pitted or honeycombed;Brain-like or folded,Pitted or honeycombed,"UNREVIEWED: compiled from this repository's own seed notes, not from a mycologist. Requires field-character review.",unreviewed-seed-fill,2026-09-21
morchella-esculenta,Morchella esculenta,Morel,INEDIBLE,interior_structure,Inside,Cut it in half from top to bottom. What does the inside look like?,Completely hollow;Chambered or cottony;Solid and pure white;Solid and dark;Shows a developing cap and gills,Completely hollow,"UNREVIEWED: compiled from this repository's own seed notes, not from a mycologist. Requires field-character review.",unreviewed-seed-fill,2026-09-21
morchella-esculenta,Morchella esculenta,Morel,INEDIBLE,season,Time of year,When did you find it?,Spring;Summer;Autumn;Winter,Spring,"UNREVIEWED: compiled from this repository's own seed notes, not from a mycologist. Requires field-character review.",unreviewed-seed-fill,2026-09-21
pleurotus-ostreatus,Pleurotus ostreatus,Oyster Mushroom,INEDIBLE,gill_attachment,How the gills meet the stem,How do the gills meet the stem?,"Running down the stem;Squarely attached;Notched just before the stem;Free, not touching the stem",,,,
pleurotus-ostreatus,Pleurotus ostreatus,Oyster Mushroom,INEDIBLE,spore_print_colour,Spore print,What colour is the spore print?,White or cream;Pink;Rust or cinnamon brown;Chocolate or purple-brown;Black;Olive or yellow,,,,
pleurotus-ostreatus,Pleurotus ostreatus,Oyster Mushroom,INEDIBLE,substrate,What it is growing on,What is it growing on or out of?,Soil or leaf litter;Dead wood or a stump;A living tree;Grass or lawn;Dung;Moss,,,,
pleurotus-ostreatus,Pleurotus ostreatus,Oyster Mushroom,INEDIBLE,stipe_presence,Stem,"Is there a stem, and where does it join the cap?",Central stem;Off-centre stem;Stem at the side;No stem,,,,
russula-cyanoxantha,Russula cyanoxantha,Charcoal Burner,INEDIBLE,gill_texture,Gill texture,Are the gills brittle or flexible?,"Brittle, shattering like chalk;Flexible and greasy;Soft",Flexible and greasy,"UNREVIEWED: compiled from this repository's own seed notes, not from a mycologist. Requires field-character review.",unreviewed-seed-fill,2026-09-21
russula-cyanoxantha,Russula cyanoxantha,Charcoal Burner,INEDIBLE,stipe_texture,Stem texture,Is the stem tough or brittle?,"Tough and pliable, springs back;Snaps cleanly like chalk;Soft",Snaps cleanly like chalk,"UNREVIEWED: compiled from this repository's own seed notes, not from a mycologist. Requires field-character review.",unreviewed-seed-fill,2026-09-21
russula-cyanoxantha,Russula cyanoxantha,Charcoal Burner,INEDIBLE,volva,Base of the stem,Dig up the very base of the stem. Is there a cup or bag around it?,Clear cup or sac;Swollen but no cup;Neither;I cut it off,Neither,"UNREVIEWED: compiled from this repository's own seed notes, not from a mycologist. Requires field-character review.",unreviewed-seed-fill,2026-09-21
russula-cyanoxantha,Russula cyanoxantha,Charcoal Burner,INEDIBLE,taste,Taste,"Touch a tiny piece to your tongue. Is it mild, bitter or burning?",Mild;Bitter;Burning or peppery,Mild,"UNREVIEWED: compiled from this repository's own seed notes, not from a mycologist. Requires field-character review.",unreviewed-seed-fill,2026-09-21
russula-ochroleuca,Russula ochroleuca,Ochre Brittlegill,INEDIBLE,stipe_texture,Stem texture,Is the stem tough or brittle?,"Tough and pliable, springs back;Snaps cleanly like chalk;Soft",,,,
russula-ochroleuca,Russula ochroleuca,Ochre Brittlegill,INEDIBLE,gill_texture,Gill texture,Are the gills brittle or flexible?,"Brittle, shattering like chalk;Flexible and greasy;Soft",,,,
russula-ochroleuca,Russula ochroleuca,Ochre Brittlegill,INEDIBLE,taste,Taste,"Touch a tiny piece to your tongue. Is it mild, bitter or burning?",Mild;Bitter;Burning or peppery,,,,
sparassis-crispa,Sparassis crispa,Wood Cauliflower,INEDIBLE,growth_form,Growth habit,How is it growing?,Singly;Scattered;In a tight cluster;In a ring;As a bracket,,,,
sparassis-crispa,Sparassis crispa,Wood Cauliflower,INEDIBLE,substrate,What it is growing on,What is it growing on or out of?,Soil or leaf litter;Dead wood or a stump;A living tree;Grass or lawn;Dung;Moss,,,,
suillus-granulatus,Suillus granulatus,Weeping Bolete,INEDIBLE,ring,Ring on the stem,Is there a ring or skirt of tissue on the stem?,Firm skirt-like ring;Cobwebby fibres;Faint zone only;No ring,,,,
suillus-granulatus,Suillus granulatus,Weeping Bolete,INEDIBLE,pore_colour,Pore colour,What colour are the pores underneath?,White or cream;Yellow;Olive;Red or orange;Pink,,,,
suillus-granulatus,Suillus granulatus,Weeping Bolete,INEDIBLE,stipe_surface,Stem surface,What does the stem look like below the ring?,Snakeskin-patterned;Scaly or shaggy;Smooth;Netted or with a raised mesh;Fibrous,,,,
suillus-luteus,Suillus luteus,Slippery Jack,INEDIBLE,cap_surface,Cap surface,What is the cap surface like?,Smooth and dry;Slimy or greasy;Scaly;Fibrous;Velvety;Pitted or honeycombed;Brain-like or folded,,,,
suillus-luteus,Suillus luteus,Slippery Jack,INEDIBLE,ring,Ring on the stem,Is there a ring or skirt of tissue on the stem?,Firm skirt-like ring;Cobwebby fibres;Faint zone only;No ring,,,,
suillus-luteus,Suillus luteus,Slippery Jack,INEDIBLE,pore_colour,Pore colour,What colour are the pores underneath?,White or cream;Yellow;Olive;Red or orange;Pink,,,,
tylopilus-felleus,Tylopilus felleus,Bitter Bolete,INEDIBLE,pore_colour,Pore colour,What colour are the pores underneath?,White or cream;Yellow;Olive;Red or orange;Pink,,,,
tylopilus-felleus,Tylopilus felleus,Bitter Bolete,INEDIBLE,stipe_surface,Stem surface,What does the stem look like below the ring?,Snakeskin-patterned;Scaly or shaggy;Smooth;Netted or with a raised mesh;Fibrous,,,,
tylopilus-felleus,Tylopilus felleus,Bitter Bolete,INEDIBLE,taste,Taste,"Touch a tiny piece to your tongue. Is it mild, bitter or burning?",Mild;Bitter;Burning or peppery,,,,
